{
  "model_type": "ScaleShiftMACE",
  "z_table": [
    1,
    2,
    3,
    4,
    5,
    6,
    7,
    8,
    9,
    10,
    11,
    12,
    13,
    14,
    15,
    16,
    17,
    18,
    19,
    20,
    21,
    22,
    23,
    24,
    25,
    26,
    27,
    28,
    29,
    30,
    31,
    32,
    33,
    34,
    35,
    36,
    37,
    38,
    39,
    40,
    41,
    42,
    43,
    44,
    45,
    46,
    47,
    48,
    49,
    50,
    51,
    52,
    53,
    54,
    55,
    56,
    57,
    58,
    59,
    60,
    61,
    62,
    63,
    64,
    65,
    66,
    67,
    68,
    69,
    70,
    71,
    72,
    73,
    74,
    75,
    76,
    77,
    78,
    79,
    80,
    81,
    82,
    83,
    89,
    90,
    91,
    92,
    93,
    94
  ],
  "e0_values": [
    -3.4534407918661185,
    -1.3320953124042916,
    -3.8142363191658157,
    -6.5195837579133675,
    -7.724935420523256,
    -7.37555706786601,
    -6.697668024932539,
    -6.652656944437128,
    -4.896490881731322,
    1.3917755836700962e-12,
    -2.271497378598619,
    -4.126205578647856,
    -7.942326779309974,
    -9.418048896126374,
    -6.9632957911820235,
    -4.672630400190884,
    -2.8116892814008096,
    -0.06259504416367478,
    -2.0660742248889528,
    -5.2625213873147425,
    -11.26309729025384,
    -11.851412321346569,
    -9.28451633496244,
    -8.656027654499518,
    -8.319390818010183,
    -6.103047579847358,
    -4.487500364924068,
    -1.8146513362829015,
    -2.7322027655332484,
    -1.5024571198726027,
    -4.4763831837643,
    -5.4712358251409805,
    -3.5343978581629116,
    -2.3715206011561207,
    -2.5184940099633986,
    6.766947645687137,
    -1.831248035748688,
    -4.902449041835306,
    -11.95677593096809,
    -12.511480098018774,
    -13.276373057570883,
    -8.253290629658588,
    -8.78694939675911,
    -8.16844540955367,
    -5.746665138649181,
    -3.401736467550003,
    -1.2766953471565499,
    -0.6153435983825295,
    -3.288593777679737,
    -4.588596440648706,
    -4.423800264429434,
    -1.468840613682155,
    -1.6355986842433357,
    9.846723842807721,
    -1.7281968630933124,
    -4.987031978000383,
    -8.933684809576345,
    -11.798106688937425,
    -8.018966025544966,
    -8.251491970213372,
    -7.591719594359237,
    -8.169659881166858,
    -13.592664636171698,
    -18.517523458456985,
    -7.647396572993602,
    -8.122981037851925,
    -7.607787319678067,
    -6.85029094445494,
    -7.8268821327130365,
    -3.584786591677161,
    -10.324521384763447,
    -16.039018440300644,
    -16.225883043781277,
    -9.197982172086894,
    -12.673367256960889,
    -9.983213710243307,
    -6.436978584004053,
    -4.11350216680284,
    -1.086380450988333,
    1.2363780353474585,
    -1.720657779273071,
    -3.478278962415631,
    -3.908882446261926,
    -5.062878214511315,
    -11.02462566385297,
    -12.265613551943261,
    -13.855648206100362,
    -14.933092020258243,
    -15.282826131998245
  ],
  "cutoff": 6.0,
  "num_interactions": 2,
  "num_radial_basis": 10,
  "radial_type": "bessel",
  "num_polynomial_cutoff": 5,
  "interactions": [
    {
      "node_feats_irreps": "128x0e",
      "edge_attrs_irreps": "1x0e+1x1o+1x2e+1x3o",
      "edge_feats_irreps": "10x0e",
      "target_irreps": "128x0e+128x1o+128x2e+128x3o",
      "hidden_irreps": "128x0e+128x1o",
      "radial_MLP": [
        64,
        64,
        64
      ],
      "avg_num_neighbors": 61.96467208862305
    },
    {
      "node_feats_irreps": "128x0e+128x1o",
      "edge_attrs_irreps": "1x0e+1x1o+1x2e+1x3o",
      "edge_feats_irreps": "10x0e",
      "target_irreps": "128x0e+128x1o+128x2e+128x3o",
      "hidden_irreps": "128x0e",
      "radial_MLP": [
        64,
        64,
        64
      ],
      "avg_num_neighbors": 61.96467208862305
    }
  ],
  "hidden_irreps": "128x0e+128x1o",
  "avg_num_neighbors": 61.96467208862305,
  "products": [
    {
      "irreps_out": "128x0e+128x1o",
      "linear_out": 512,
      "contractions": [
        {
          "path_count": 23
        },
        {
          "path_count": 51
        }
      ]
    },
    {
      "irreps_out": "128x0e",
      "linear_out": 128,
      "contractions": [
        {
          "path_count": 23
        }
      ]
    }
  ],
  "readouts": [
    {},
    {
      "hidden_irreps": "16x0e"
    }
  ],
  "scale_shift": {
    "scale": 0.8041538754478097,
    "shift": 0.16409696359187365
  },
  "max_ell": 2,
  "num_channels": 128
}