{
  "avg_num_neighbors": 31.591461181640625,
  "cutoff": 5.0,
  "e0_values": [
    -3.3590460531284227,
    -3.886938878632213,
    -6.897187800534696,
    -8.002630947594021,
    -6.313652434306237,
    -6.498081110387721,
    -2.2330200781669993,
    -4.437611814375311,
    -8.037897135328665,
    -10.061638116618504,
    -1.921064617646488,
    -5.799512881228855,
    -11.55472843060151,
    -12.195247547356601,
    -9.554245763934125,
    -8.74838074066534,
    -7.937888660221054,
    -6.325186376618729,
    -4.813161971481935,
    -1.8295025961023441,
    -2.7988255478934754,
    -1.7779637395133001,
    -4.824101542594759,
    -5.8522761870989966,
    -4.009109772552138,
    -2.730129996811876,
    -1.9152881750766708,
    -4.885722493013407,
    -11.783846568160731,
    -11.992882697100182,
    -13.768944394351214,
    -8.627332916700823,
    -8.302516520760628,
    -6.024393253648123,
    -3.5016527593297466,
    -1.2555814237592724,
    -0.6501738251459415,
    -3.201015651994787,
    -4.944548213661158,
    -4.853674232431422,
    -2.0997159509027785,
    -1.8759850529828936,
    -5.107859734638104,
    -11.206254662566995,
    -10.450025060649299,
    -16.060363863680656,
    -17.306394608617463,
    -9.592510769298956,
    -13.541748049762434,
    -10.660299431538236,
    -6.904540447557547,
    -4.377913938315691,
    -1.3669885017476844,
    0.8648223959306467,
    -2.016791406568241,
    -3.6624139159376936,
    -4.189876195355755
  ],
  "num_interactions": 3,
  "z_table": [
    1,
    3,
    4,
    6,
    7,
    8,
    11,
    12,
    13,
    14,
    19,
    20,
    21,
    22,
    23,
    24,
    25,
    26,
    27,
    28,
    29,
    30,
    31,
    32,
    33,
    34,
    37,
    38,
    39,
    40,
    41,
    42,
    44,
    45,
    46,
    47,
    48,
    49,
    50,
    51,
    52,
    55,
    56,
    58,
    71,
    72,
    73,
    74,
    75,
    76,
    77,
    78,
    79,
    80,
    81,
    82,
    83
  ]
}