{
  "z_table": [
    1,
    2,
    3,
    4,
    5,
    6,
    7,
    8,
    9,
    10,
    11,
    12,
    13,
    14,
    15,
    16,
    17,
    18,
    19,
    20,
    21,
    22,
    23,
    24,
    25,
    26,
    27,
    28,
    29,
    30,
    31,
    32,
    33,
    34,
    35,
    36,
    37,
    38,
    39,
    40,
    41,
    42,
    43,
    44,
    45,
    46,
    47,
    48,
    49,
    50,
    51,
    52,
    53,
    54,
    55,
    56,
    57,
    58,
    59,
    60,
    61,
    62,
    63,
    64,
    65,
    66,
    67,
    68,
    69,
    70,
    71,
    72,
    73,
    74,
    75,
    76,
    77,
    78,
    79,
    80,
    81,
    82,
    83,
    89,
    90,
    91,
    92,
    93,
    94
  ],
  "avg_num_neighbors": 61.964672446250916,
  "e0_values": [
    -3.489583394957983,
    1.5987211554602254e-14,
    -3.7617794902533377,
    -6.6114138541541,
    -2.6867397195928788e-14,
    -7.259175635176547,
    -6.572741268224867,
    -6.58287962372141,
    1.1102230246251565e-14,
    -1.021405182655144e-14,
    -2.29838494244833,
    -4.3312775279525555,
    -7.96323943155806,
    -9.607852529049122,
    -8.881784197001252e-15,
    -3.552713678800501e-15,
    -1.7763568394002505e-15,
    0.0,
    -2.038754646132679,
    -5.411845908185156,
    -11.473518271204654,
    -12.345916911345881,
    -9.434496496092695,
    -8.735991141360447,
    -8.164749321385987,
    -6.095338350511126,
    -4.596838501081274,
    -1.7119863509505868,
    -2.7648986408109524,
    -1.284927638832516,
    -4.604809682772729,
    -5.718148043536088,
    -3.8080884104690425,
    -2.721894742203067,
    -1.7763568394002505e-15,
    7.105427357601002e-15,
    -1.8600609882775059,
    -4.925242179586459,
    -11.942489531720202,
    -12.170434278879743,
    -13.520751242997093,
    -8.48559102678839,
    7.105427357601002e-15,
    -8.163029790453319,
    -5.772771855816179,
    -3.533662843625651,
    -1.334609222245826,
    -0.48499314961447926,
    -3.1521168230850596,
    -4.818094382029601,
    -4.638942611501962,
    -1.9127942942671048,
    -4.440892098500626e-16,
    -4.440892098500626e-16,
    -1.972087037780475,
    -4.9190400054474805,
    0.0,
    -11.128748048858398,
    0.0,
    0.0,
    0.0,
    0.0,
    0.0,
    0.0,
    0.0,
    0.0,
    0.0,
    0.0,
    0.0,
    0.0,
    -10.385187814170768,
    -16.197336658520612,
    -16.542563141188698,
    -9.372230723091093,
    -13.041958988979104,
    -10.483141969794843,
    -6.709972797808509,
    -4.362951991349409,
    -1.314264483563889,
    1.0146972721615635,
    -1.823870922669538,
    -3.7557779084951965,
    -4.123987611935943,
    0.0,
    0.0,
    0.0,
    0.0,
    0.0,
    0.0
  ],
  "cutoff": 6.0,
  "num_interactions": 2,
  "model_type": "ScaleShiftMACE",
  "hidden_irreps": "128x0e + 128x1o",
  "MLP_irreps": "16x0e",
  "correlation": 3,
  "max_ell": 3,
  "num_radial_basis": 10,
  "num_polynomial_cutoff": 5,
  "radial_type": "bessel",
  "gate": "silu",
  "num_channels": 128,
  "max_L": 1,
  "scaling": "rms_forces_scaling"
}